timestamp,fps,inference_time_ms,ram_mb,objects_detected,event_type,danger_level
1779545660.713806,0,406.83,462.85,0,camino totalmente despejado,Bajo
1779545660.8752549,0,99.82,487.54,0,camino totalmente despejado,Bajo
1779545661.0183718,0,113.76,488.22,0,camino totalmente despejado,Bajo
1779545661.159542,0,107.81,488.31,0,camino totalmente despejado,Bajo
1779545661.302488,5,110.52,479.93,0,camino totalmente despejado,Bajo
1779545661.4380484,5,105.85,486.13,0,camino totalmente despejado,Bajo
1779545661.5619073,5,100.84,486.2,0,camino totalmente despejado,Bajo
1779545661.683706,5,95.54,486.23,0,camino totalmente despejado,Bajo
1779545661.8087091,5,101.21,486.33,0,camino totalmente despejado,Bajo
1779545661.9258182,5,94.68,487.43,0,camino totalmente despejado,Bajo
1779545662.0469482,5,95.97,486.45,0,camino totalmente despejado,Bajo
1779545662.1651275,5,91.67,486.45,0,camino totalmente despejado,Bajo
1779545662.2834592,5,92.47,490.61,0,camino totalmente despejado,Bajo
1779545662.4004183,9,89.64,486.03,0,camino totalmente despejado,Bajo
1779545662.513124,9,89.56,486.18,0,camino totalmente despejado,Bajo
1779545662.6229644,9,86.49,486.8,0,camino totalmente despejado,Bajo
1779545662.737049,9,89.41,486.58,0,camino totalmente despejado,Bajo
1779545662.8469899,9,87.76,486.62,0,camino totalmente despejado,Bajo
1779545662.9615192,9,83.66,486.64,0,camino totalmente despejado,Bajo
1779545663.072788,9,90.98,486.65,0,camino totalmente despejado,Bajo
1779545663.197758,9,93.68,486.97,2,"1 person CRITICO, 1 person Cerca",Alto
1779545663.3142638,9,93.02,486.43,1,1 person CRITICO,Alto
1779545663.4294364,9,92.17,486.61,1,1 person CRITICO,Alto
1779545663.551077,9,98.89,486.7,1,1 person CRITICO,Alto
1779545663.6674087,9,89.31,486.81,1,1 person CRITICO,Alto
1779545663.7893622,9,99.34,487.06,3,"1 person CRITICO, 1 person Cerca, 1 person Lejos",Alto
1779545663.894795,9,80.71,487.49,2,"1 person CRITICO, 1 person Cerca",Alto
1779545664.0251932,9,102.39,487.56,1,1 person CRITICO,Alto
1779545664.1520371,9,101.49,487.57,1,1 person CRITICO,Alto
1779545664.284103,9,100.95,484.23,3,"1 person CRITICO, 1 person Lejos, 1 person Cerca",Alto
1779545664.4091997,9,98.83,487.1,2,"1 person CRITICO, 1 person Lejos",Alto
1779545664.5736723,9,120.31,488.87,3,"1 person CRITICO, 1 person Lejos, 1 person Cerca",Alto
1779545664.7113953,9,105.19,488.91,2,"1 person CRITICO, 1 person Cerca",Alto
1779545664.8519423,9,114.43,489.02,4,"1 person CRITICO, 1 person Cerca, 1 person Lejos",Alto
1779545664.9690545,9,96.47,489.09,3,"1 person CRITICO, 1 person Lejos, 1 person Cerca",Alto
1779545665.1021097,9,105.37,489.86,3,"1 person CRITICO, 1 person Cerca",Alto
1779545665.231761,9,99.83,495.12,4,"1 person CRITICO, 1 person Cerca, 1 person Lejos",Alto
1779545665.3586547,9,96.93,486.31,4,"1 person CRITICO, 1 person Cerca, 1 person Lejos",Alto
1779545665.4899905,9,110.16,489.2,2,1 person CRITICO,Alto
1779545665.6374464,8,117.85,489.37,3,"1 person CRITICO, 1 person Cerca",Alto
1779545665.7871575,8,114.59,489.41,3,"1 person CRITICO, 1 person Cerca",Alto
1779545665.9127357,8,99.12,489.42,2,1 person CRITICO,Alto
1779545666.0368445,8,98.6,489.45,1,1 person CRITICO,Alto
1779545666.156142,8,95.62,489.47,1,1 person CRITICO,Alto
1779545666.2952964,8,110.68,480.49,3,"1 person CRITICO, 1 skateboard Cerca",Alto
1779545666.4279015,8,107.19,489.34,6,"1 person CRITICO, 1 keyboard Lejos, 1 skateboard Cerca, 1 person Cerca, 1 skateboard Lejos",Alto
1779545666.5614414,8,99.6,489.52,2,1 person CRITICO,Alto
1779545666.6968272,8,107.27,489.55,3,1 person CRITICO,Alto
1779545666.829199,8,109.55,489.56,1,1 person CRITICO,Alto
1779545666.9697042,8,109.41,489.59,2,1 person CRITICO,Alto
1779545667.1066158,8,110.84,489.62,5,"1 person CRITICO, 1 keyboard Cerca, 1 person Cerca, 1 laptop Lejos",Alto
1779545667.2440047,8,108.93,489.64,9,"1 person CRITICO, 1 person Cerca, 1 laptop Cerca, 1 laptop Lejos, 1 chair Cerca, 1 person Lejos",Alto
1779545667.3817976,8,105.05,486.46,8,"1 person CRITICO, 1 laptop Cerca, 1 person Cerca, 1 laptop Lejos, 1 chair Cerca, 1 person Lejos",Alto
1779545667.5131567,8,101.66,489.34,8,"1 person CRITICO, 1 laptop Cerca, 1 person Cerca, 1 chair Cerca, 1 person Lejos, 1 laptop Lejos",Alto
1779545667.6634588,8,115.15,489.55,8,"1 person CRITICO, 1 laptop Cerca, 1 person Cerca, 1 chair Cerca, 1 person Lejos, 1 laptop Lejos",Alto
1779545667.8170667,8,127.95,489.57,7,"1 person CRITICO, 1 laptop Cerca, 1 person Cerca, 1 chair Cerca, 1 person Lejos",Alto
1779545667.9753833,8,129.49,489.59,5,"1 person CRITICO, 1 person Cerca, 1 chair Cerca",Alto
1779545668.1367998,8,126.14,489.62,5,"1 person CRITICO, 1 person Cerca, 1 chair Cerca",Alto
1779545668.2904713,8,121.74,489.64,7,"1 person CRITICO, 1 person Cerca, 1 chair Cerca, 1 laptop Cerca, 1 person Lejos",Alto
1779545668.4412556,8,118.19,489.23,6,"1 person CRITICO, 1 person Cerca, 1 person Lejos, 1 laptop Cerca, 1 chair Cerca",Alto
1779545668.5783498,8,108.41,489.41,7,"1 person CRITICO, 1 person Cerca, 1 laptop Cerca, 1 chair Cerca, 1 person Lejos",Alto
1779545668.716321,8,107.05,489.48,7,"1 person CRITICO, 1 person Cerca, 1 person Lejos, 1 laptop Cerca, 1 chair Cerca, 1 chair Lejos",Alto
1779545668.8510923,7,102.11,489.49,7,"1 laptop Cerca, 1 person CRITICO, 1 person Cerca, 1 person Lejos, 1 chair Cerca",Alto
1779545668.9826305,7,101.14,489.51,8,"1 person CRITICO, 1 laptop Cerca, 1 person Cerca, 1 chair Lejos, 1 person Lejos, 1 chair Cerca",Alto
1779545669.117599,7,103.77,489.55,8,"1 person CRITICO, 1 laptop Cerca, 1 person Cerca, 1 chair Lejos, 1 person Lejos, 1 chair Cerca",Alto
1779545669.2558243,7,109.22,489.57,8,"1 person CRITICO, 1 laptop Cerca, 1 person Cerca, 1 chair Lejos, 1 person Lejos, 1 chair Cerca",Alto
1779545669.4074624,7,120.89,486.57,7,"1 person CRITICO, 1 laptop Cerca, 1 person Cerca, 1 chair Lejos, 1 person Lejos",Alto
1779545669.5533283,7,114.6,489.45,8,"1 laptop Cerca, 1 person CRITICO, 1 person Cerca, 1 person Lejos, 1 chair Lejos, 1 chair Cerca",Alto
1779545669.8170547,7,230.47,489.64,10,"1 person CRITICO, 1 person Cerca, 1 person Lejos, 1 laptop Lejos, 1 tie Cerca, 1 keyboard Lejos",Alto
1779545670.1319704,7,274.88,486.17,6,"1 person CRITICO, 1 person Cerca, 1 laptop Lejos, 1 person Lejos",Alto
1779545670.4578967,7,278.61,482.79,7,"1 person CRITICO, 1 laptop Cerca, 1 person Cerca, 1 person Lejos, 1 tie Cerca",Alto
1779545670.703038,7,204.45,488.87,6,"1 person CRITICO, 1 laptop Cerca, 1 person Cerca, 1 person Lejos",Alto
1779545670.9093668,7,168.67,493.56,10,"1 person CRITICO, 1 person Cerca, 1 laptop Cerca, 1 person Lejos, 1 laptop Lejos, 1 microwave Lejos",Alto
1779545671.0732117,7,128.19,489.08,7,"1 person CRITICO, 1 person Cerca, 1 laptop Cerca, 1 person Lejos",Alto
1779545671.2887623,5,178.77,489.12,7,"1 person CRITICO, 1 laptop Cerca, 1 person Cerca, 1 person Lejos",Alto
1779545671.5093079,5,188.06,485.96,7,"1 person CRITICO, 1 laptop Cerca, 1 person Cerca, 1 chair Lejos, 1 person Lejos, 1 chair Cerca",Alto
1779545671.6955023,5,154.48,488.8,8,"1 laptop Cerca, 1 person CRITICO, 1 person Cerca, 1 laptop Lejos, 1 chair Cerca, 1 person Lejos",Alto
1779545671.8853428,5,153.89,489.03,5,"1 person CRITICO, 1 laptop Cerca, 1 person Cerca, 1 person Lejos",Alto
1779545672.0321646,5,114.15,489.12,7,"1 person CRITICO, 1 laptop Cerca, 1 person Cerca, 1 person Lejos, 1 laptop Lejos",Alto
1779545672.18975,5,128.16,489.15,8,"1 laptop Cerca, 1 person CRITICO, 1 person Cerca, 1 person Lejos, 1 chair Lejos",Alto
1779545672.3390336,6,118.57,489.18,7,"1 person CRITICO, 1 laptop Cerca, 1 person Cerca, 1 person Lejos, 1 laptop Lejos",Alto
1779545672.4952197,6,123.91,486.05,9,"1 laptop Cerca, 1 person CRITICO, 1 person Cerca, 1 chair Lejos, 1 person Lejos, 1 handbag Lejos",Alto
1779545672.6550076,6,126.1,488.91,8,"1 laptop Cerca, 1 person CRITICO, 1 person Cerca, 1 chair Lejos, 1 person Lejos, 1 tie Cerca",Alto
1779545672.7875223,6,104.53,489.05,10,"1 person CRITICO, 1 laptop Cerca, 1 person Cerca, 1 tie Lejos, 1 person Lejos, 1 handbag Lejos, 1 chair Lejos",Alto
1779545672.920439,6,105.78,489.07,10,"1 person CRITICO, 1 laptop Cerca, 1 person Cerca, 1 person Lejos, 1 handbag Lejos, 1 chair Lejos, 1 tie Lejos",Alto
1779545673.0643053,6,112.69,489.18,12,"1 laptop Cerca, 1 person CRITICO, 1 person Cerca, 1 tie Lejos, 1 handbag Lejos, 1 chair Cerca, 1 chair Lejos",Alto
1779545673.1959999,6,104.7,489.23,9,"1 person CRITICO, 1 laptop Cerca, 1 person Cerca, 1 handbag Lejos, 1 chair Lejos",Alto
1779545673.336469,6,112.43,489.24,10,"1 person CRITICO, 1 laptop Lejos, 1 person Cerca, 1 handbag Lejos, 1 chair Lejos",Alto
1779545673.4752374,8,100.83,486.12,10,"1 person CRITICO, 1 laptop Lejos, 1 person Cerca, 1 person Lejos, 1 handbag Lejos, 1 chair Lejos",Alto
1779545673.6093242,8,105.67,488.98,8,"1 person CRITICO, 1 laptop Lejos, 1 person Cerca, 1 person Lejos, 1 handbag Lejos",Alto
1779545673.7496712,8,106.19,489.16,9,"1 person CRITICO, 1 laptop Lejos, 1 person Cerca, 1 person Lejos, 1 handbag Lejos, 1 chair Lejos",Alto
1779545673.8821344,8,107.72,489.18,9,"1 person CRITICO, 1 laptop Lejos, 1 person Cerca, 1 person Lejos, 1 handbag Lejos, 1 chair Lejos",Alto
1779545674.013298,8,101.76,489.21,10,"1 person CRITICO, 1 laptop Lejos, 1 person Cerca, 1 person Lejos, 1 handbag Lejos, 1 chair Lejos, 1 chair Cerca",Alto
1779545674.1585608,8,115.38,489.25,11,"1 person CRITICO, 1 laptop Lejos, 1 person Cerca, 1 person Lejos, 1 handbag Lejos, 1 chair Cerca, 1 chair Lejos",Alto
1779545674.3007598,8,112.46,489.27,9,"1 person CRITICO, 1 laptop Lejos, 1 person Cerca, 1 person Lejos, 1 chair Lejos, 1 handbag Lejos",Alto
1779545674.4321527,8,102.94,489.28,7,"1 person CRITICO, 1 person Cerca, 1 laptop Lejos, 1 person Lejos",Alto
1779545674.5645778,8,100.55,483.0,11,"1 person CRITICO, 1 person Cerca, 1 laptop Lejos, 1 person Lejos, 1 chair Cerca, 1 chair Lejos",Alto
1779545674.7039578,8,110.78,483.18,11,"1 person CRITICO, 1 person Cerca, 1 laptop Lejos, 1 person Lejos, 1 chair Cerca, 1 chair Lejos",Alto
1779545674.8350945,8,107.82,483.19,11,"1 person CRITICO, 1 person Cerca, 1 laptop Lejos, 1 person Lejos, 1 chair Cerca, 1 chair Lejos",Alto
1779545674.9743314,8,109.03,489.16,11,"1 person CRITICO, 1 person Cerca, 1 laptop Lejos, 1 person Lejos, 1 chair Cerca, 1 chair Lejos",Alto
1779545675.1254516,8,121.15,489.2,10,"1 person Cerca, 1 person CRITICO, 1 laptop Lejos, 1 chair Cerca, 1 person Lejos, 1 chair Lejos",Alto
1779545675.2676067,8,114.94,489.27,12,"1 person CRITICO, 1 person Cerca, 1 chair Cerca, 1 chair Lejos, 1 laptop Lejos, 1 person Lejos, 1 backpack Lejos",Alto
1779545675.4334009,8,128.78,489.31,12,"1 person CRITICO, 1 person Cerca, 1 chair Cerca, 1 laptop Lejos, 1 chair Lejos, 1 person Lejos, 1 backpack Lejos",Alto
1779545675.583524,7,118.98,488.96,11,"1 person CRITICO, 1 person Cerca, 1 chair Lejos, 1 chair Cerca, 1 person Lejos, 1 laptop Lejos",Alto
1779545675.7350593,7,122.45,489.12,11,"1 person CRITICO, 1 person Cerca, 1 chair Cerca, 1 person Lejos, 1 laptop Lejos, 1 chair Lejos",Alto
1779545675.887979,7,122.99,489.15,10,"1 person Cerca, 1 person CRITICO, 1 chair Cerca, 1 laptop Lejos, 1 person Lejos, 1 chair Lejos",Alto
1779545676.0397153,7,116.41,489.18,8,"1 person CRITICO, 1 person Cerca, 1 laptop Lejos, 1 chair Cerca, 1 person Lejos, 1 chair Lejos",Alto
1779545676.2005746,7,127.05,489.21,11,"1 person CRITICO, 1 person Cerca, 1 chair Cerca, 1 laptop Lejos, 1 person Lejos, 1 chair Lejos, 1 backpack Lejos",Alto
1779545676.3576896,7,124.89,490.8,10,"1 person CRITICO, 1 person Cerca, 1 chair Cerca, 1 chair Lejos, 1 person Lejos, 1 laptop Lejos",Alto
1779545676.528529,7,135.76,486.11,10,"1 person CRITICO, 1 person Cerca, 1 chair Cerca, 1 laptop Lejos, 1 chair Lejos, 1 person Lejos",Alto
1779545676.68769,7,129.18,488.98,11,"1 person Cerca, 1 person CRITICO, 1 laptop Lejos, 1 chair Lejos, 1 chair Cerca, 1 person Lejos, 1 backpack Lejos",Alto
1779545676.847536,7,127.92,489.14,9,"1 person Cerca, 1 person CRITICO, 1 chair Cerca, 1 chair Lejos, 1 laptop Lejos, 1 person Lejos",Alto
1779545677.0007248,7,118.95,489.15,10,"1 person CRITICO, 1 person Cerca, 1 chair Cerca, 1 chair Lejos, 1 person Lejos, 1 laptop Lejos",Alto
1779545677.1462114,7,114.24,489.18,10,"1 person CRITICO, 1 person Cerca, 1 chair Cerca, 1 chair Lejos, 1 laptop Lejos, 1 person Lejos",Alto
1779545677.3007593,7,120.39,489.22,10,"1 person CRITICO, 1 person Cerca, 1 chair Cerca, 1 chair Lejos, 1 laptop Lejos, 1 person Lejos",Alto
1779545677.4463236,7,111.37,489.25,9,"1 person CRITICO, 1 person Cerca, 1 chair Cerca, 1 microwave Lejos, 1 tie Lejos, 1 person Lejos",Alto
1779545677.581933,7,101.12,480.17,9,"1 person CRITICO, 1 person Cerca, 1 chair Cerca, 1 microwave Lejos, 1 tie Lejos, 1 person Lejos",Alto
1779545677.7361565,7,123.51,483.04,9,"1 person CRITICO, 1 person Cerca, 1 chair Cerca, 1 microwave Lejos, 1 tie Lejos, 1 person Lejos",Alto
1779545677.9576707,7,186.42,489.16,9,"1 person CRITICO, 1 person Cerca, 1 chair Cerca, 1 microwave Lejos, 1 tie Lejos, 1 person Lejos",Alto
1779545678.1319773,7,138.78,489.18,7,"1 person CRITICO, 1 person Cerca, 1 chair Cerca, 1 person Lejos",Alto
1779545678.2820544,7,118.04,489.21,7,"1 person Cerca, 1 person CRITICO, 1 chair Cerca, 1 tv Lejos, 1 person Lejos",Alto
1779545678.4447832,7,125.15,494.3,7,"1 person Cerca, 1 person CRITICO, 1 chair Cerca, 1 tv Lejos, 1 person Lejos",Alto
1779545678.5947087,7,120.01,480.21,8,"1 person Cerca, 1 tv Lejos, 1 chair Lejos, 1 chair Cerca, 1 laptop Lejos",Medio
1779545678.7353346,7,105.48,489.03,10,"1 person Cerca, 1 tv Lejos, 1 chair Lejos, 1 chair Cerca, 1 laptop Lejos, 1 person Lejos",Medio
1779545678.8787904,7,111.32,489.21,9,"1 person Cerca, 1 chair Lejos, 1 tv Lejos, 1 chair Cerca",Medio
1779545679.0224094,7,116.04,489.29,9,"1 chair Lejos, 1 person Cerca, 1 tv Lejos, 1 laptop Lejos, 1 chair Cerca",Medio
1779545679.19686,7,142.23,489.31,9,"1 chair Lejos, 1 person Cerca, 1 tv Lejos, 1 laptop Lejos, 1 chair Cerca",Medio
1779545679.3629644,7,127.44,495.27,9,"1 chair Lejos, 1 tv Lejos, 1 chair Cerca, 1 person Cerca, 1 laptop Lejos",Medio
1779545679.5372546,7,140.31,489.38,9,"1 chair Lejos, 1 person Cerca, 1 tv Lejos, 1 chair Cerca, 1 laptop Lejos",Medio
1779545679.698148,7,128.26,486.16,10,"1 tv Lejos, 1 person Cerca, 1 chair Lejos, 1 chair Cerca, 1 laptop Lejos, 1 cell phone Lejos",Medio
1779545679.8677857,7,130.58,489.08,10,"1 chair Lejos, 1 person Cerca, 1 tv Lejos, 1 chair Cerca, 1 laptop Lejos",Medio
1779545680.0381393,7,131.7,495.19,9,"1 chair Lejos, 1 person Lejos, 1 tv Lejos, 1 laptop Lejos",Bajo
1779545680.17288,7,101.12,489.28,9,"1 chair Lejos, 1 person Lejos, 1 tv Lejos, 1 laptop Lejos",Bajo
1779545680.3130543,7,110.17,489.29,10,"1 chair Lejos, 1 tv Lejos, 1 person Cerca, 1 laptop Lejos",Medio
1779545680.4740741,7,127.97,489.32,10,"1 chair Lejos, 1 tv Lejos, 1 person Cerca, 1 laptop Lejos",Medio
1779545680.6335626,7,125.67,489.35,9,"1 chair Lejos, 1 tv Lejos, 1 person Cerca, 1 chair Cerca",Medio
1779545680.7944088,7,126.1,489.05,9,"1 chair Lejos, 1 chair Cerca, 1 person Cerca, 1 tv Lejos",Medio
1779545680.933152,7,109.42,489.22,9,"1 chair Lejos, 1 person Cerca, 1 tv Lejos, 1 laptop Lejos",Medio
1779545681.090258,7,125.3,489.28,9,"1 chair Lejos, 1 person Cerca, 1 tv Lejos, 1 laptop Lejos",Medio
1779545681.2255278,7,107.76,489.31,9,"1 person Cerca, 1 chair Lejos, 1 tv Lejos, 1 chair Cerca, 1 laptop Lejos",Medio
1779545681.3734589,7,113.68,489.33,9,"1 person Cerca, 1 chair Lejos, 1 chair Cerca, 1 tv Lejos, 1 laptop Lejos",Medio
1779545681.5163105,7,113.48,489.34,8,"1 chair Lejos, 1 person Cerca, 1 tv Lejos, 1 laptop Lejos",Medio
1779545681.6569455,7,107.99,489.36,9,"1 person Cerca, 1 chair Lejos, 1 tv Lejos, 1 chair Cerca, 1 laptop Lejos",Medio
1779545681.7982101,7,106.97,483.07,7,"1 chair Lejos, 1 person Cerca, 1 tv Lejos",Medio
1779545681.937052,7,110.66,489.2,7,"1 chair Lejos, 1 person Cerca, 1 tv Lejos",Medio
1779545682.1267707,7,156.7,489.25,8,"1 chair Lejos, 1 person Cerca, 1 tv Lejos, 1 laptop Lejos",Medio
1779545682.266122,7,112.18,489.29,7,"1 chair Lejos, 1 person Cerca, 1 tv Lejos",Medio
1779545682.4111922,7,116.13,489.3,9,"1 person Cerca, 1 chair Lejos, 1 tv Lejos, 1 chair Cerca, 1 laptop Lejos",Medio
1779545682.5391927,7,98.88,489.32,9,"1 person Cerca, 1 chair Lejos, 1 tv Lejos, 1 laptop Lejos, 1 chair Cerca",Medio
1779545682.6848185,7,113.21,489.34,10,"1 person Cerca, 1 chair Lejos, 1 tv Lejos, 1 laptop Lejos",Medio
1779545682.8539577,7,127.72,489.09,10,"1 person Cerca, 1 chair Lejos, 1 tv Lejos, 1 laptop Lejos",Medio
1779545683.01148,7,123.06,489.27,8,"1 person Cerca, 1 chair Lejos, 1 tv Lejos, 1 laptop Lejos",Medio
1779545683.1673064,7,121.77,493.7,9,"1 person Cerca, 1 chair Lejos, 1 tv Lejos, 1 laptop Lejos",Medio
1779545683.3330035,7,128.31,489.36,8,"1 person Cerca, 1 chair Lejos, 1 tv Lejos, 1 laptop Lejos",Medio
1779545683.494661,7,128.03,494.38,8,"1 person Cerca, 1 chair Lejos, 1 tv Lejos, 1 laptop Lejos",Medio
1779545683.648139,7,116.52,489.39,9,"1 person Cerca, 1 chair Lejos, 1 tv Lejos, 1 laptop Lejos",Medio
1779545683.7852411,7,109.83,486.21,9,"1 person Cerca, 1 chair Lejos, 1 tv Lejos, 1 laptop Lejos",Medio
1779545683.9311523,7,116.78,489.09,9,"1 person Cerca, 1 chair Lejos, 1 tv Lejos, 1 laptop Lejos",Medio
1779545684.0731082,7,106.2,490.07,8,"1 person Cerca, 1 chair Lejos, 1 tv Lejos, 1 laptop Lejos",Medio
1779545684.2127333,7,112.59,489.3,9,"1 person Cerca, 1 chair Lejos, 1 tv Lejos, 1 laptop Lejos",Medio
1779545684.3606975,7,115.47,489.33,9,"1 person Cerca, 1 chair Lejos, 1 tv Lejos, 1 laptop Lejos",Medio
1779545684.5058408,7,112.09,489.34,9,"1 person Cerca, 1 chair Lejos, 1 tv Lejos, 1 laptop Lejos",Medio
1779545684.6460073,7,110.16,489.35,8,"1 person Cerca, 1 chair Lejos, 1 tv Lejos, 1 laptop Lejos",Medio
1779545684.7876067,7,112.15,480.24,8,"1 person Cerca, 1 chair Lejos, 1 tv Lejos, 1 laptop Lejos",Medio
1779545684.9336069,7,109.82,489.05,8,"1 person Cerca, 1 chair Lejos, 1 tv Lejos, 1 laptop Lejos",Medio
1779545685.0763566,7,112.98,494.36,9,"1 person Cerca, 1 chair Lejos, 1 tv Lejos, 1 laptop Lejos",Medio
1779545685.2263284,7,118.79,489.26,8,"1 person Cerca, 1 tv Lejos, 1 chair Lejos, 1 laptop Lejos",Medio
1779545685.3821032,7,124.45,489.35,9,"1 person Cerca, 1 chair Lejos, 1 tv Lejos, 1 laptop Lejos",Medio
1779545685.543168,7,120.18,489.37,11,"1 person Cerca, 1 chair Lejos, 1 tv Lejos, 1 laptop Lejos",Medio
1779545685.7053518,7,128.42,492.38,9,"1 person Cerca, 1 chair Lejos, 1 tv Lejos, 1 laptop Lejos",Medio
1779545685.8713787,7,129.77,486.2,10,"1 person Cerca, 1 tv Lejos, 1 chair Lejos, 1 laptop Lejos",Medio
1779545686.0340295,7,129.05,490.69,10,"1 person Cerca, 1 tv Lejos, 1 chair Lejos, 1 laptop Lejos",Medio
1779545686.1840217,7,114.69,489.25,10,"1 person Cerca, 1 chair Lejos, 1 tv Lejos, 1 laptop Lejos",Medio
1779545686.3315077,7,119.57,489.3,10,"1 person Cerca, 1 chair Lejos, 1 tv Lejos, 1 laptop Lejos",Medio
1779545686.4738166,7,107.27,489.33,11,"1 person Cerca, 1 tv Lejos, 1 chair Lejos, 1 laptop Lejos",Medio
1779545686.6266677,7,115.97,489.35,8,"1 person Cerca, 1 tv Lejos, 1 chair Lejos, 1 laptop Lejos",Medio
1779545686.7827554,7,120.6,489.36,9,"1 person Cerca, 1 tv Lejos, 1 chair Lejos, 1 laptop Lejos",Medio
1779545686.9226468,7,106.57,489.03,8,"1 person Cerca, 1 chair Lejos, 1 tv Lejos",Medio
1779545687.0587208,7,102.58,489.23,5,"1 person Cerca, 1 chair Lejos, 1 tv Lejos",Medio
1779545687.2112076,7,118.95,491.77,7,"1 person Cerca, 1 chair Lejos, 1 tv Lejos, 1 laptop Lejos",Medio
1779545687.359287,7,116.9,489.31,8,"1 person Cerca, 1 chair Lejos, 1 tv Lejos, 1 suitcase Lejos, 1 person Lejos",Medio
1779545687.5008657,7,109.1,489.33,7,"1 person Cerca, 1 chair Lejos, 1 tv Lejos, 1 laptop Lejos",Medio
1779545687.643835,7,114.62,489.36,7,"1 person Cerca, 1 chair Lejos, 1 tv Lejos, 1 laptop Lejos",Medio
1779545687.785,7,106.81,489.37,8,"1 tv Lejos, 1 person Cerca, 1 refrigerator Cerca, 1 chair Lejos, 1 laptop Lejos",Medio
1779545687.931915,7,112.77,486.21,9,"1 person Cerca, 1 tv Lejos, 1 chair Lejos, 1 refrigerator Cerca",Medio
1779545688.0890706,7,124.24,489.06,8,"1 person Cerca, 1 chair Lejos, 1 refrigerator Cerca, 1 tv Lejos, 1 laptop Lejos",Medio
1779545688.2707057,7,144.66,489.23,8,"1 person Cerca, 1 refrigerator Cerca, 1 chair Lejos, 1 tv Lejos, 1 laptop Lejos",Medio
1779545688.4291003,7,120.98,489.27,9,"1 person Cerca, 1 chair Lejos, 1 tv Lejos, 1 refrigerator Cerca, 1 laptop Lejos",Medio
1779545688.5906389,7,126.91,489.31,8,"1 refrigerator Cerca, 1 person Cerca, 1 chair Lejos, 1 tv Lejos, 1 laptop Lejos",Medio
1779545688.751789,7,131.03,489.33,10,"1 refrigerator Cerca, 1 person Cerca, 1 chair Lejos, 1 tv Lejos, 1 laptop Lejos",Medio
1779545688.916285,7,127.42,486.16,8,"1 person Cerca, 1 refrigerator Cerca, 1 chair Lejos, 1 tv Lejos, 1 laptop Lejos",Medio
1779545689.0668783,7,115.49,493.06,7,"1 person Cerca, 1 chair Lejos, 1 laptop Lejos, 1 refrigerator Cerca, 1 bed Lejos",Medio
1779545689.2323976,7,135.91,489.25,4,"1 person Cerca, 1 person Lejos, 1 suitcase Lejos, 1 refrigerator Cerca",Medio
1779545689.3937538,7,128.15,489.3,4,"1 person Cerca, 1 refrigerator Cerca, 1 chair Lejos, 1 refrigerator Lejos",Medio
1779545689.5490313,7,121.47,489.35,3,"1 person Cerca, 1 refrigerator Cerca",Medio
1779545689.7006605,7,114.24,489.41,4,"1 person CRITICO, 1 person Cerca, 1 refrigerator Cerca, 1 suitcase Lejos",Alto
1779545689.8732572,7,136.14,489.47,4,"1 person CRITICO, 1 person Cerca, 1 refrigerator Cerca, 1 suitcase Lejos",Alto
1779545690.0415978,7,130.15,489.02,4,"1 refrigerator Cerca, 1 person CRITICO, 1 suitcase Lejos, 1 person Cerca",Alto
1779545690.2021587,7,128.02,489.22,5,"1 person CRITICO, 1 refrigerator Cerca, 1 person Cerca, 1 chair Lejos, 1 suitcase Lejos",Alto
1779545690.370461,7,132.96,489.3,4,"1 person CRITICO, 1 refrigerator Cerca, 1 chair Lejos, 1 person Cerca",Alto
1779545690.5339983,7,126.55,489.33,5,"1 person CRITICO, 1 refrigerator Cerca, 1 chair Lejos, 1 suitcase Lejos, 1 backpack Cerca",Alto
1779545690.713301,7,142.01,489.54,4,"1 person CRITICO, 1 refrigerator Cerca, 1 chair Lejos, 1 person Cerca",Alto
1779545690.8701143,7,120.29,489.69,3,"1 refrigerator Cerca, 1 person Cerca, 1 chair Lejos",Medio
1779545691.0318573,7,128.88,487.29,3,"1 refrigerator Cerca, 1 chair Lejos, 1 chair Cerca",Medio
1779545691.1761637,7,114.16,489.45,5,"1 refrigerator Cerca, 1 chair Cerca, 1 person Lejos, 1 suitcase Lejos",Medio
1779545691.3137252,7,109.45,489.48,3,"1 chair Cerca, 1 refrigerator Cerca, 1 suitcase Lejos",Medio
1779545691.4637964,7,116.48,489.53,6,"1 chair Cerca, 1 refrigerator Cerca, 1 suitcase Lejos, 1 bed Cerca",Medio
1779545691.6076107,7,115.38,489.56,5,"1 chair Cerca, 1 refrigerator Cerca, 1 suitcase Lejos",Medio
1779545691.7585838,7,119.99,490.29,4,"1 chair Cerca, 1 refrigerator Cerca, 1 suitcase Lejos, 1 chair Lejos",Medio
1779545691.9001806,7,107.77,489.63,3,"1 chair Cerca, 1 refrigerator Cerca, 1 suitcase Lejos",Medio
1779545692.0467937,7,111.59,489.06,3,"1 chair Cerca, 1 refrigerator Cerca, 1 suitcase Lejos",Medio
1779545692.1801639,7,105.9,489.23,3,"1 refrigerator Cerca, 1 chair Cerca, 1 suitcase Lejos",Medio
1779545692.3268504,7,112.74,489.25,2,"1 chair Cerca, 1 refrigerator Cerca",Medio
1779545692.469478,7,110.11,489.29,3,"1 refrigerator Cerca, 1 chair Cerca, 1 suitcase Lejos",Medio
1779545692.6130803,7,111.59,489.34,3,"1 refrigerator CRITICO, 1 chair Cerca, 1 suitcase Lejos",Alto
1779545692.7628045,7,115.59,489.38,3,"1 chair Cerca, 1 refrigerator CRITICO, 1 suitcase Lejos",Alto
1779545692.9030862,7,113.3,489.47,3,"1 chair Cerca, 1 refrigerator CRITICO, 1 suitcase Lejos",Alto
1779545693.0592813,7,120.34,486.27,3,"1 refrigerator CRITICO, 1 chair Cerca, 1 suitcase Lejos",Alto
1779545693.2097015,7,116.16,495.06,1,1 toilet Lejos,Bajo
1779545693.3504727,7,114.41,489.27,0,camino totalmente despejado,Bajo
1779545693.5085077,7,122.46,489.37,0,camino totalmente despejado,Bajo
1779545693.6808288,7,136.82,489.4,0,camino totalmente despejado,Bajo
1779545693.839471,7,122.82,489.43,0,camino totalmente despejado,Bajo
1779545693.9960089,7,122.25,486.22,0,camino totalmente despejado,Bajo
1779545694.1520004,7,120.51,489.09,0,camino totalmente despejado,Bajo
1779545694.3130722,7,127.67,489.25,0,camino totalmente despejado,Bajo
1779545694.4665704,7,121.16,489.3,1,1 person Lejos,Bajo
1779545694.62329,7,122.65,489.34,1,1 person Lejos,Bajo
1779545694.7796617,7,119.93,489.39,1,1 person Lejos,Bajo
1779545694.9190438,7,114.74,489.41,1,1 person Lejos,Bajo
1779545695.0636024,7,109.57,480.38,1,1 person Lejos,Bajo
1779545695.2047086,7,110.01,489.16,1,1 person Lejos,Bajo
1779545695.3508453,7,112.52,489.32,1,1 person Lejos,Bajo
1779545695.4980247,7,111.81,489.35,1,1 person Lejos,Bajo
1779545695.6434197,7,114.17,489.38,1,1 person Lejos,Bajo
1779545695.778128,7,105.66,489.42,1,1 person Lejos,Bajo
1779545695.924485,7,111.87,489.43,1,1 person Lejos,Bajo
1779545696.0721006,7,121.3,480.33,1,1 person Lejos,Bajo
1779545696.2167332,7,109.19,489.15,1,1 person Lejos,Bajo
1779545696.353349,7,110.28,489.31,1,1 person Lejos,Bajo
1779545696.4856007,7,105.8,489.33,1,1 person Lejos,Bajo
1779545696.6269283,7,107.97,489.36,1,1 person Lejos,Bajo
1779545696.7789974,7,118.35,489.78,1,1 person Lejos,Bajo
1779545696.9121478,7,102.16,489.43,1,1 refrigerator CRITICO,Alto
1779545697.0783682,8,133.35,480.32,1,1 refrigerator CRITICO,Alto
1779545697.2347982,8,121.9,489.14,0,camino totalmente despejado,Bajo
1779545697.3974483,8,126.24,489.29,0,camino totalmente despejado,Bajo
1779545697.5505364,8,124.36,489.27,0,camino totalmente despejado,Bajo
1779545697.7638483,8,175.48,489.29,0,camino totalmente despejado,Bajo
1779545697.911573,8,116.86,489.34,1,1 person Lejos,Bajo
1779545698.0706286,8,127.13,483.05,1,1 person Lejos,Bajo
1779545698.207435,7,110.3,489.06,1,1 person Lejos,Bajo
1779545698.3629994,7,124.0,489.24,1,1 person Lejos,Bajo
1779545698.5095692,7,112.14,489.27,1,1 person Lejos,Bajo
1779545698.658457,7,116.58,489.28,1,1 person Lejos,Bajo
1779545698.8234205,7,132.38,489.32,2,1 person Lejos,Bajo
1779545698.9866858,7,127.15,489.36,2,1 person Lejos,Bajo
1779545699.1493464,7,122.83,480.25,2,1 person Lejos,Bajo
1779545699.309712,7,123.79,489.05,2,1 person Lejos,Bajo
1779545699.4753911,7,131.87,489.24,1,1 person Lejos,Bajo
1779545699.6526566,7,138.03,489.27,2,1 person Lejos,Bajo
1779545699.8029685,7,114.65,489.28,2,1 person Lejos,Bajo
1779545699.9448657,7,115.77,489.31,1,1 person Lejos,Bajo
1779545700.100694,7,127.32,489.35,2,1 person Lejos,Bajo
1779545700.2441208,7,110.85,483.08,2,1 person Lejos,Bajo
1779545700.3926702,7,114.5,489.22,2,1 person Lejos,Bajo
1779545700.5507426,7,124.83,489.27,2,1 person Lejos,Bajo
1779545700.6977882,7,113.48,489.29,1,1 person Lejos,Bajo
1779545700.8873067,7,150.47,489.38,1,1 person Lejos,Bajo
1779545701.0733843,7,149.07,489.42,1,1 person Lejos,Bajo
1779545701.2366855,7,127.07,486.23,2,1 person Lejos,Bajo
1779545701.398275,6,124.35,489.09,1,1 person Lejos,Bajo
1779545701.5626278,6,124.94,489.27,1,1 person Lejos,Bajo
1779545701.7174673,6,121.53,489.31,1,1 person Lejos,Bajo
1779545701.8689287,6,116.87,489.32,1,1 person Lejos,Bajo
1779545702.009501,6,106.55,489.34,1,1 person Lejos,Bajo
1779545702.139978,6,102.26,489.36,2,"1 suitcase Lejos, 1 person Lejos",Bajo
1779545702.2816663,6,106.25,482.98,1,1 person Lejos,Bajo
1779545702.4351933,7,120.23,489.12,1,1 person Lejos,Bajo
1779545702.582417,7,113.63,489.16,1,1 person Lejos,Bajo
1779545702.7252848,7,111.35,489.2,1,1 person Lejos,Bajo
1779545702.8684304,7,108.85,489.31,1,1 person Lejos,Bajo
1779545703.0308769,7,119.23,490.19,1,1 person Lejos,Bajo
1779545703.1887746,7,126.94,480.24,1,1 person Lejos,Bajo
1779545703.358757,7,134.34,489.12,1,1 person Lejos,Bajo
1779545703.5225663,7,131.13,489.3,1,1 person Lejos,Bajo
1779545703.6884582,7,125.84,489.34,1,1 person Lejos,Bajo
1779545703.8453767,7,122.64,489.39,1,1 person Lejos,Bajo
1779545704.0095377,7,130.75,489.43,1,1 person Lejos,Bajo
1779545704.1672993,7,119.33,489.44,1,1 person Lejos,Bajo
1779545704.3173716,7,115.54,489.02,1,1 person Lejos,Bajo
1779545704.4648907,7,114.35,489.22,1,1 person Lejos,Bajo
1779545704.611157,7,112.05,489.25,1,1 person Lejos,Bajo
1779545704.7574532,7,118.0,489.3,1,1 person Lejos,Bajo
1779545704.9012902,7,112.96,489.35,1,1 person Lejos,Bajo
1779545705.0482225,7,112.04,489.36,1,1 person Lejos,Bajo
1779545705.1981823,7,113.19,489.37,1,1 person Lejos,Bajo
1779545705.3471851,7,115.59,489.04,1,1 person Lejos,Bajo
1779545705.5057442,7,122.94,489.23,1,1 person Lejos,Bajo
1779545705.659842,7,118.62,489.27,1,1 person Lejos,Bajo
1779545705.8214748,7,123.04,489.34,2,"1 person Lejos, 1 suitcase Lejos",Bajo
1779545705.9670231,7,114.7,489.37,1,1 person Lejos,Bajo
1779545706.1169071,7,119.98,489.38,1,1 person Lejos,Bajo
1779545706.2870119,7,130.61,487.21,1,1 person Lejos,Bajo
1779545706.4263735,7,110.06,489.06,1,1 person Lejos,Bajo
1779545706.5779238,7,119.15,489.24,1,1 person Lejos,Bajo
1779545706.7252119,7,114.94,489.28,1,1 person Lejos,Bajo
1779545706.8870974,7,125.54,489.34,1,1 person Lejos,Bajo
1779545707.052208,7,123.99,489.37,1,1 person Lejos,Bajo
1779545707.2093713,7,122.58,489.4,1,1 person Lejos,Bajo
1779545707.357515,7,111.6,480.28,1,1 person Lejos,Bajo
1779545707.5023563,7,113.07,489.07,1,1 person Lejos,Bajo
1779545707.6452415,7,115.99,489.22,1,1 person Lejos,Bajo
1779545707.8278737,7,145.35,489.99,1,1 person Lejos,Bajo
1779545708.0043688,7,137.05,490.03,1,1 person Lejos,Bajo
1779545708.1692243,7,126.38,490.07,1,1 person Lejos,Bajo
1779545708.3454003,7,142.85,480.4,1,1 person Lejos,Bajo
1779545708.5068583,7,123.63,489.23,1,1 person Lejos,Bajo
1779545708.6730347,7,127.57,489.41,1,1 person Lejos,Bajo
1779545708.8156006,7,109.09,489.45,1,1 person Lejos,Bajo
1779545708.963006,7,117.19,489.5,1,1 person Lejos,Bajo
1779545709.1111073,7,118.36,489.54,2,"1 person Lejos, 1 suitcase Lejos",Bajo
1779545709.2575603,7,113.87,489.56,1,1 person Lejos,Bajo
1779545709.4084446,7,119.07,486.43,1,1 person Lejos,Bajo
1779545709.557025,7,121.31,495.2,2,"1 person Lejos, 1 suitcase Lejos",Bajo
1779545709.7027323,7,114.69,489.43,1,1 person Lejos,Bajo
1779545709.8522136,7,116.88,489.48,1,1 person Lejos,Bajo
1779545709.9951751,7,117.11,489.51,1,1 person Lejos,Bajo
1779545710.144462,7,114.21,489.55,0,camino totalmente despejado,Bajo
1779545710.2974539,7,118.68,489.7,0,camino totalmente despejado,Bajo
1779545710.4611309,7,127.62,486.48,8,"1 person Cerca, 1 person Lejos, 1 chair Cerca, 1 tv Lejos, 1 laptop Lejos",Medio
1779545710.6321125,7,131.77,489.33,10,"1 laptop Lejos, 1 person Cerca, 1 person Lejos, 1 tv Lejos, 1 chair Cerca, 1 chair Lejos",Medio
1779545710.8096197,7,139.27,489.5,11,"1 person Lejos, 1 person Cerca, 1 chair Cerca, 1 laptop Lejos, 1 tv Lejos, 1 backpack Lejos",Medio
1779545710.9682906,7,125.47,489.54,8,"1 person Cerca, 1 chair Cerca, 1 laptop Lejos, 1 tv Lejos, 1 person Lejos",Medio
1779545711.1375442,7,130.51,489.57,10,"1 person Cerca, 1 chair Cerca, 1 laptop Lejos, 1 tv Lejos, 1 person Lejos, 1 chair Lejos",Medio
1779545711.3401124,7,164.33,489.62,9,"1 laptop Lejos, 1 person Cerca, 1 tv Lejos, 1 person Lejos, 1 backpack Lejos, 1 chair Cerca",Medio
1779545711.524426,7,134.19,486.51,9,"1 person Cerca, 1 laptop Lejos, 1 person Lejos, 1 tv Lejos, 1 backpack Lejos, 1 chair Cerca",Medio
1779545711.688298,7,133.06,489.37,10,"1 person Cerca, 1 laptop Lejos, 1 chair Cerca, 1 person Lejos, 1 chair Lejos",Medio
1779545711.866639,7,143.05,489.53,9,"1 person Cerca, 1 laptop Lejos, 1 chair Cerca, 1 tv Lejos, 1 person Lejos, 1 chair Lejos",Medio
1779545712.0383396,7,136.38,489.55,9,"1 laptop Lejos, 1 chair Cerca, 1 person Cerca, 1 person Lejos, 1 chair Lejos, 1 tv Lejos",Medio
1779545712.205459,6,127.51,489.6,7,"1 person Cerca, 1 laptop Lejos, 1 chair Cerca, 1 person Lejos",Medio
1779545712.356036,6,110.21,489.63,8,"1 laptop Lejos, 1 person Cerca, 1 chair Cerca, 1 tv Lejos",Medio
1779545712.5153403,6,124.41,480.55,8,"1 laptop Lejos, 1 person Cerca, 1 chair Cerca, 1 tv Lejos",Medio
1779545712.6729012,6,126.61,493.62,6,"1 laptop Lejos, 1 person Cerca, 1 person CRITICO",Alto
1779545712.8412998,6,128.12,489.55,10,"1 laptop Lejos, 1 person Cerca, 1 cat Lejos, 1 chair Cerca, 1 person CRITICO, 1 chair Lejos, 1 tv Lejos",Alto
1779545712.9956024,6,112.25,489.56,13,"1 person CRITICO, 1 chair Lejos, 1 person Cerca, 1 chair Cerca, 1 tv Lejos",Alto
1779545713.1678421,6,135.1,489.58,14,"1 person CRITICO, 1 chair Lejos, 1 person Cerca, 1 chair Cerca, 1 tv Lejos",Alto
1779545713.3337317,7,124.42,489.61,13,"1 person CRITICO, 1 person Cerca, 1 chair Lejos, 1 tv Lejos",Alto
1779545713.497391,7,131.31,489.63,12,"1 person CRITICO, 1 person Cerca, 1 chair Lejos, 1 tv Lejos",Alto
1779545713.659501,7,122.09,489.39,10,"1 person CRITICO, 1 person Cerca, 1 chair Lejos",Alto
1779545713.8145707,7,124.58,489.61,3,"1 person CRITICO, 1 person Cerca, 1 chair Cerca",Alto
1779545713.9746277,7,123.91,489.66,5,"1 person CRITICO, 1 person Cerca, 1 chair Lejos, 1 person Lejos, 1 chair Cerca",Alto
1779545714.1313252,7,121.09,489.68,2,"1 person CRITICO, 1 person Cerca",Alto
1779545714.3371866,6,167.67,489.52,2,"1 person CRITICO, 1 person Cerca",Alto
1779545714.4883597,6,121.55,489.55,3,"1 person CRITICO, 1 person Cerca, 1 chair Cerca",Alto
1779545714.6547165,6,126.99,489.09,3,"1 person Cerca, 1 person CRITICO, 1 chair Cerca",Alto
1779545714.852522,6,162.73,489.3,4,"1 person Cerca, 1 person CRITICO, 1 chair Cerca",Alto
1779545715.056714,6,158.52,489.38,4,"1 person Cerca, 1 person CRITICO, 1 chair Cerca, 1 chair Lejos",Alto
1779545715.2612498,6,163.93,489.42,4,"1 person CRITICO, 1 chair Cerca, 1 chair Lejos",Alto
1779545715.4618473,6,156.12,489.45,2,"1 person CRITICO, 1 chair Cerca",Alto
1779545715.6528056,6,149.13,486.29,3,"1 person CRITICO, 1 chair Lejos, 1 chair Cerca",Alto
1779545715.8320625,6,136.16,489.61,2,"1 person CRITICO, 1 chair Lejos",Alto
1779545715.993247,6,127.92,489.8,3,"1 chair Lejos, 1 person CRITICO",Alto
1779545716.1440058,6,114.77,489.85,3,"1 chair Lejos, 1 person CRITICO",Alto
1779545716.2987716,6,123.22,489.93,3,"1 chair Lejos, 1 person CRITICO",Alto
1779545716.447511,6,112.24,490.05,3,"1 chair Lejos, 1 person CRITICO",Alto
1779545716.6032248,7,117.91,486.36,3,"1 chair Lejos, 1 person CRITICO",Alto
1779545716.7547061,7,119.66,489.23,6,"1 person CRITICO, 1 person Cerca, 1 chair Lejos",Alto
1779545716.9120185,7,126.87,489.42,6,"1 person CRITICO, 1 person Cerca, 1 chair Lejos",Alto
1779545717.0664206,7,118.23,489.46,7,"1 person CRITICO, 1 person Cerca, 1 chair Lejos, 1 tie Lejos",Alto
1779545717.2200634,7,121.59,489.49,4,"1 person CRITICO, 1 person Cerca, 1 chair Cerca",Alto
1779545717.3755481,7,115.21,489.59,4,"1 chair Cerca, 1 person CRITICO, 1 person Cerca",Alto
1779545717.5189972,7,114.76,489.62,4,"1 chair Cerca, 1 person CRITICO, 1 person Lejos, 1 person Cerca",Alto
1779545717.677867,7,120.48,486.41,3,"1 person CRITICO, 1 chair Cerca, 1 person Cerca",Alto
1779545717.8399947,7,130.85,489.23,3,"1 person CRITICO, 1 chair Cerca, 1 person Cerca",Alto
1779545717.997517,7,123.49,489.44,3,"1 person CRITICO, 1 person Cerca, 1 chair Lejos",Alto
1779545718.1634274,7,133.89,489.56,4,"1 person CRITICO, 1 person Cerca, 1 chair Lejos, 1 microwave Lejos",Alto
1779545718.316317,7,118.76,489.64,2,"1 person CRITICO, 1 person Cerca",Alto
1779545718.4679928,7,118.52,489.7,3,"1 person CRITICO, 1 microwave Lejos",Alto
1779545718.6333158,7,131.6,489.77,2,1 person CRITICO,Alto
1779545718.8441875,7,165.45,489.15,3,"1 person CRITICO, 1 microwave Lejos",Alto
1779545719.0320594,7,146.22,491.21,4,"1 person CRITICO, 1 backpack Lejos, 1 handbag Lejos",Alto
1779545719.2238472,7,154.28,489.38,4,"1 person CRITICO, 1 microwave Lejos, 1 backpack Lejos",Alto
1779545719.406657,7,141.31,489.42,6,"1 person CRITICO, 1 backpack Lejos, 1 microwave Lejos, 1 handbag Lejos",Alto
1779545719.5719485,7,125.03,489.46,6,"1 person CRITICO, 1 handbag Lejos, 1 microwave Lejos, 1 tie Cerca",Alto
1779545719.723815,7,118.02,486.4,5,"1 person CRITICO, 1 backpack Lejos, 1 handbag Lejos, 1 microwave Lejos",Alto
1779545719.8783174,6,122.22,495.17,4,"1 person CRITICO, 1 laptop Cerca, 1 cell phone Lejos, 1 microwave Lejos",Alto
1779545720.0368254,6,122.68,489.39,3,"1 person CRITICO, 1 laptop Cerca, 1 person Cerca",Alto
1779545720.1900175,6,118.47,489.42,4,"1 person CRITICO, 1 laptop Cerca, 1 person Cerca, 1 cell phone Lejos",Alto
1779545720.3538687,6,129.34,489.46,5,"1 laptop Cerca, 1 person CRITICO, 1 cell phone Lejos, 1 person Lejos, 1 person Cerca",Alto
1779545720.505292,6,118.21,489.49,4,"1 laptop Cerca, 1 person CRITICO, 1 cell phone Lejos, 1 person Cerca",Alto
1779545720.6760201,6,137.02,489.52,4,"1 laptop Cerca, 1 person CRITICO, 1 cell phone Lejos",Alto
1779545720.834834,6,124.47,489.28,4,"1 person CRITICO, 1 laptop Cerca, 1 person Cerca, 1 cell phone Lejos",Alto
1779545721.0008128,7,128.38,489.52,6,"1 laptop Cerca, 1 person CRITICO, 1 book Lejos, 1 cell phone Lejos",Alto
1779545721.1498508,7,116.39,489.64,5,"1 laptop Cerca, 1 person CRITICO, 1 cell phone Lejos",Alto
1779545721.3048902,7,124.22,489.71,5,"1 laptop Cerca, 1 person CRITICO, 1 cell phone Lejos",Alto
1779545721.4746146,7,130.64,489.76,5,"1 person CRITICO, 1 laptop Cerca, 1 cell phone Lejos",Alto
1779545721.6376178,7,121.44,489.8,4,"1 laptop Cerca, 1 person CRITICO",Alto
1779545721.7936854,7,126.3,480.48,5,"1 laptop Cerca, 1 person CRITICO, 1 cell phone Lejos",Alto
1779545721.9372694,7,114.72,489.32,5,"1 person CRITICO, 1 laptop Cerca, 1 laptop Lejos",Alto
1779545722.1021311,7,127.49,489.49,6,"1 person CRITICO, 1 cell phone Lejos, 1 laptop Lejos",Alto
1779545722.259604,7,122.65,489.54,5,"1 person CRITICO, 1 laptop Lejos",Alto
1779545722.43218,7,134.74,489.63,6,"1 person CRITICO, 1 cell phone Lejos, 1 laptop Lejos",Alto
1779545722.6200793,7,150.29,489.66,5,"1 person CRITICO, 1 laptop Lejos",Alto
1779545722.7938094,7,137.62,480.39,5,"1 person CRITICO, 1 cell phone Lejos",Alto
1779545722.9656975,7,133.3,489.24,4,"1 person CRITICO, 1 cell phone Lejos",Alto
1779545723.1508427,6,145.42,493.32,4,"1 person CRITICO, 1 laptop Lejos",Alto
1779545723.3432384,6,151.56,489.5,5,"1 person CRITICO, 1 cell phone Lejos, 1 person Lejos",Alto
1779545723.534653,6,147.14,489.52,5,"1 person CRITICO, 1 laptop Lejos, 1 person Lejos",Alto
1779545723.7017806,6,131.94,489.56,5,"1 person CRITICO, 1 person Lejos",Alto
1779545723.8640623,6,128.42,486.44,6,"1 person CRITICO, 1 person Lejos, 1 laptop Lejos, 1 refrigerator Cerca",Alto
1779545724.0334437,6,134.53,489.29,6,"1 laptop Cerca, 1 person CRITICO, 1 person Lejos, 1 cell phone Lejos, 1 chair Lejos",Alto
1779545724.209001,6,137.83,489.5,8,"1 laptop Cerca, 1 person CRITICO, 1 cell phone Lejos, 1 person Lejos, 1 chair Lejos, 1 microwave Lejos",Alto
1779545724.378333,6,138.15,489.55,8,"1 laptop Cerca, 1 person CRITICO, 1 cell phone Lejos, 1 person Lejos, 1 chair Lejos",Alto
1779545724.5317035,6,116.87,489.58,7,"1 laptop Cerca, 1 person CRITICO, 1 cell phone Lejos, 1 person Lejos, 1 chair Lejos",Alto
1779545724.6876464,6,118.22,489.59,8,"1 laptop Cerca, 1 person CRITICO, 1 cell phone Lejos, 1 person Lejos, 1 chair Lejos",Alto
1779545724.844783,6,121.9,486.34,6,"1 laptop Cerca, 1 cell phone Lejos, 1 person CRITICO, 1 person Lejos, 1 chair Lejos",Alto
1779545725.0165539,6,133.5,489.24,6,"1 laptop Cerca, 1 cell phone Lejos, 1 person CRITICO, 1 person Lejos, 1 chair Lejos",Alto
1779545725.1725116,6,122.77,491.75,7,"1 laptop Cerca, 1 person CRITICO, 1 cell phone Lejos, 1 person Lejos, 1 chair Lejos, 1 book Lejos",Alto
1779545725.3459957,7,133.5,489.54,6,"1 laptop Cerca, 1 person CRITICO, 1 cell phone Lejos, 1 person Lejos",Alto
1779545725.4990244,7,121.79,489.58,5,"1 laptop Cerca, 1 person CRITICO, 1 person Cerca, 1 cell phone Lejos, 1 person Lejos",Alto
1779545725.6634126,7,132.76,489.6,5,"1 laptop Cerca, 1 person CRITICO, 1 cell phone Lejos, 1 person Cerca, 1 person Lejos",Alto
1779545725.8146846,7,118.31,489.63,5,"1 laptop Cerca, 1 person CRITICO, 1 cell phone Lejos, 1 person Lejos",Alto
1779545725.9808052,7,125.92,489.2,6,"1 laptop Cerca, 1 person CRITICO, 1 person Lejos, 1 cell phone Lejos, 1 microwave Lejos",Alto
1779545726.155801,7,133.16,489.43,5,"1 laptop Cerca, 1 person CRITICO, 1 person Lejos, 1 book Lejos",Alto
1779545726.339531,7,148.26,493.14,4,"1 laptop Cerca, 1 person CRITICO, 1 person Lejos",Alto
1779545726.5256243,7,145.8,489.63,5,"1 laptop Cerca, 1 person CRITICO, 1 person Lejos",Alto
1779545726.7117498,7,144.56,489.68,5,"1 laptop Cerca, 1 person CRITICO, 1 person Lejos",Alto
1779545726.8889143,7,138.88,480.38,6,"1 laptop Cerca, 1 person CRITICO, 1 person Lejos, 1 cell phone Lejos",Alto
1779545727.063086,7,131.57,489.2,4,"1 laptop Cerca, 1 person CRITICO, 1 person Lejos",Alto
1779545727.2349906,7,134.6,489.43,6,"1 laptop Cerca, 1 person Lejos, 1 person CRITICO, 1 cell phone Lejos",Alto
1779545727.4556704,7,181.49,489.27,5,"1 laptop Cerca, 1 person Lejos, 1 person CRITICO, 1 cell phone Lejos",Alto
1779545727.6265028,6,137.94,489.31,5,"1 laptop Cerca, 1 person CRITICO, 1 person Lejos, 1 chair Lejos",Alto
1779545727.783447,6,120.65,489.41,6,"1 laptop Cerca, 1 person CRITICO, 1 person Lejos, 1 microwave Lejos, 1 cell phone Lejos",Alto
1779545727.937079,6,123.64,480.29,5,"1 laptop Cerca, 1 person CRITICO, 1 person Lejos, 1 cell phone Lejos",Alto
1779545728.106686,6,131.22,489.08,5,"1 laptop Cerca, 1 person CRITICO, 1 person Lejos, 1 cell phone Lejos",Alto
1779545728.263622,6,117.68,489.28,5,"1 laptop Cerca, 1 person CRITICO, 1 person Lejos, 1 cell phone Lejos",Alto
1779545728.42073,6,121.27,489.35,4,"1 laptop Cerca, 1 person CRITICO, 1 person Lejos",Alto
1779545728.567219,6,116.38,489.39,4,"1 laptop Cerca, 1 person CRITICO, 1 person Lejos",Alto
1779545728.7277284,7,129.19,489.42,5,"1 laptop Cerca, 1 person CRITICO, 1 person Lejos, 1 book Lejos",Alto
1779545728.8820984,7,120.72,494.27,5,"1 laptop Cerca, 1 person CRITICO, 1 person Lejos, 1 book Lejos",Alto
1779545729.0487263,7,126.48,489.0,5,"1 laptop Cerca, 1 person CRITICO, 1 person Cerca, 1 book Lejos",Alto
1779545729.199765,7,115.58,492.2,5,"1 laptop Cerca, 1 person CRITICO, 1 person Cerca, 1 cell phone Lejos",Alto
1779545729.3566377,7,124.13,489.3,5,"1 laptop Cerca, 1 person CRITICO, 1 cell phone Lejos, 1 person Cerca",Alto
1779545729.5152116,7,123.78,489.35,5,"1 laptop Cerca, 1 person CRITICO, 1 cell phone Lejos, 1 person Cerca",Alto
1779545729.6814628,7,134.57,489.41,4,"1 laptop Cerca, 1 cell phone Lejos, 1 person CRITICO",Alto
1779545729.8431494,7,124.24,489.52,6,"1 laptop Cerca, 1 person CRITICO, 1 person Lejos, 1 cell phone Lejos, 1 laptop Lejos",Alto
1779545730.000579,7,125.1,486.29,6,"1 laptop Cerca, 1 person CRITICO, 1 cell phone Lejos, 1 person Lejos, 1 person Cerca",Alto
1779545730.1761258,7,138.35,489.22,6,"1 laptop Cerca, 1 person CRITICO, 1 cell phone Lejos, 1 person Lejos, 1 person Cerca",Alto
1779545730.3663113,7,150.06,489.45,6,"1 laptop Cerca, 1 person CRITICO, 1 cell phone Lejos, 1 person Cerca, 1 person Lejos",Alto
1779545730.5356526,7,133.98,489.46,5,"1 laptop Cerca, 1 person CRITICO, 1 person Cerca, 1 cell phone Lejos",Alto
1779545730.712529,7,139.97,489.5,5,"1 laptop Cerca, 1 person CRITICO, 1 person Lejos, 1 cell phone Lejos, 1 laptop Lejos",Alto
1779545730.8812137,6,129.19,489.53,5,"1 laptop Cerca, 1 person CRITICO, 1 person Lejos, 1 book Lejos",Alto
1779545731.0599334,6,138.61,492.18,4,"1 laptop Cerca, 1 person CRITICO, 1 person Lejos",Alto
1779545731.2205372,6,120.62,489.18,5,"1 laptop Cerca, 1 person CRITICO, 1 person Lejos, 1 cell phone Lejos",Alto
1779545731.382104,6,124.95,489.43,3,"1 laptop Cerca, 1 person Lejos, 1 person CRITICO",Alto
1779545731.5373485,6,124.88,489.54,4,"1 laptop Cerca, 1 person Lejos, 1 person CRITICO",Alto
1779545731.7265048,6,149.95,489.6,4,"1 laptop Cerca, 1 person Lejos, 1 person CRITICO",Alto
1779545731.8961453,6,131.13,489.66,4,"1 laptop Cerca, 1 person Lejos, 1 person CRITICO",Alto
1779545732.0623767,6,128.34,486.41,5,"1 laptop Cerca, 1 person Lejos, 1 person CRITICO",Alto
1779545732.2138932,6,119.13,489.31,5,"1 laptop Cerca, 1 person Lejos, 1 person CRITICO, 1 cell phone Lejos",Alto
1779545732.374222,6,122.91,489.54,5,"1 laptop Cerca, 1 person Lejos, 1 person CRITICO",Alto
1779545732.543441,6,134.12,489.57,5,"1 laptop Cerca, 1 person Lejos, 1 person CRITICO, 1 person Cerca",Alto
1779545732.716167,6,140.4,489.59,6,"1 laptop Cerca, 1 person CRITICO, 1 person Cerca, 1 person Lejos, 1 cell phone Lejos",Alto
1779545732.8708093,6,118.61,489.6,5,"1 laptop Cerca, 1 person CRITICO, 1 person Lejos, 1 book Lejos",Alto
1779545733.042355,7,135.22,486.35,5,"1 laptop Cerca, 1 person CRITICO, 1 person Lejos, 1 book Lejos",Alto
1779545733.2246292,7,146.25,489.25,4,"1 laptop Cerca, 1 person CRITICO, 1 person Lejos",Alto
1779545733.4022393,7,137.75,489.51,6,"1 laptop Cerca, 1 person CRITICO, 1 person Lejos, 1 laptop Lejos",Alto
1779545733.555316,7,119.59,489.56,5,"1 laptop Cerca, 1 person CRITICO, 1 person Lejos, 1 tv Lejos",Alto
1779545733.7153807,7,125.72,489.61,5,"1 laptop Cerca, 1 person CRITICO, 1 person Lejos, 1 laptop Lejos",Alto
1779545733.892367,7,138.0,489.65,5,"1 laptop Cerca, 1 person CRITICO, 1 person Lejos",Alto
1779545734.1088367,6,170.56,486.04,6,"1 laptop Cerca, 1 person CRITICO, 1 person Lejos, 1 book Lejos",Alto
1779545734.3092918,6,153.15,489.79,5,"1 laptop Cerca, 1 person Cerca, 1 person CRITICO, 1 person Lejos, 1 book Lejos",Alto
1779545734.4961874,6,146.32,490.02,4,"1 person Cerca, 1 laptop Cerca, 1 person CRITICO, 1 person Lejos",Alto
1779545734.6960752,6,152.57,490.07,7,"1 laptop Cerca, 1 person CRITICO, 1 person Cerca, 1 person Lejos, 1 keyboard Lejos, 1 backpack Lejos, 1 laptop Lejos",Alto
1779545734.8758903,6,139.48,490.11,7,"1 laptop Cerca, 1 person CRITICO, 1 person Lejos, 1 cup Lejos, 1 backpack Cerca, 1 handbag Cerca",Alto
1779545735.0318632,6,114.67,490.13,6,"1 laptop Cerca, 1 person CRITICO, 1 person Lejos, 1 laptop Lejos, 1 backpack Cerca",Alto
1779545735.2061977,6,136.74,492.93,6,"1 laptop Cerca, 1 person CRITICO, 1 person Lejos, 1 laptop Lejos, 1 backpack Cerca",Alto
1779545735.3781188,6,135.89,489.54,4,"1 person CRITICO, 1 laptop Cerca, 1 backpack Cerca",Alto
1779545735.5622694,6,146.81,489.64,5,"1 person CRITICO, 1 laptop Cerca, 1 backpack Cerca, 1 tie Lejos",Alto
1779545735.7170045,6,118.74,489.72,7,"1 person CRITICO, 1 laptop Cerca, 1 handbag Cerca, 1 person Lejos, 1 backpack Cerca, 1 cell phone Lejos",Alto
1779545735.878006,6,129.17,489.77,7,"1 person CRITICO, 1 laptop Cerca, 1 handbag Cerca, 1 person Lejos, 1 backpack Cerca, 1 cell phone Lejos",Alto
1779545736.0510564,6,138.34,489.82,6,"1 person CRITICO, 1 laptop Cerca, 1 backpack Cerca, 1 person Lejos, 1 handbag Cerca",Alto
1779545736.2180066,6,134.55,489.38,6,"1 person CRITICO, 1 laptop Cerca, 1 handbag Cerca, 1 cell phone Lejos, 1 person Lejos",Alto
1779545736.3852916,6,128.48,489.59,5,"1 laptop Cerca, 1 person CRITICO, 1 handbag Cerca, 1 cell phone Lejos",Alto
1779545736.5418458,6,122.59,489.68,6,"1 laptop Cerca, 1 person CRITICO, 1 cell phone Lejos, 1 handbag Cerca, 1 chair Lejos",Alto
1779545736.7131326,6,131.68,489.71,6,"1 laptop Cerca, 1 person CRITICO, 1 cell phone Lejos, 1 handbag Cerca, 1 chair Lejos",Alto
1779545736.876002,6,126.48,489.74,5,"1 laptop Cerca, 1 person CRITICO, 1 handbag Cerca, 1 cell phone Lejos",Alto
1779545737.0491612,6,137.96,489.79,4,"1 laptop Cerca, 1 person CRITICO, 1 cell phone Lejos",Alto
1779545737.222162,6,130.55,489.31,5,"1 person CRITICO, 1 laptop Cerca, 1 person Cerca, 1 person Lejos, 1 refrigerator Cerca",Alto
1779545737.3797686,6,121.08,489.81,5,"1 person CRITICO, 1 laptop Cerca, 1 person Cerca, 1 person Lejos, 1 refrigerator Cerca",Alto
1779545737.5442057,6,127.03,489.9,4,"1 person CRITICO, 1 laptop Cerca, 1 person Cerca, 1 person Lejos",Alto
1779545737.72002,6,135.67,495.75,3,"1 laptop Cerca, 1 person CRITICO, 1 person Cerca",Alto
1779545737.9211035,6,159.9,490.04,4,"1 laptop Cerca, 1 person CRITICO, 1 person Cerca, 1 refrigerator Cerca",Alto
1779545738.128363,6,159.31,486.65,4,"1 laptop Cerca, 1 person CRITICO, 1 person Cerca, 1 refrigerator Cerca",Alto
1779545738.3327022,6,160.55,489.54,4,"1 laptop Cerca, 1 person CRITICO, 1 person Cerca, 1 refrigerator Cerca",Alto
1779545738.543058,6,164.03,489.75,3,"1 laptop Cerca, 1 person CRITICO, 1 person Cerca",Alto
1779545738.7242675,6,137.13,489.8,4,"1 laptop Cerca, 1 person CRITICO, 1 person Cerca",Alto
1779545738.9013503,6,137.51,489.83,4,"1 person CRITICO, 1 laptop Cerca, 1 person Cerca",Alto
1779545739.063356,6,126.66,489.87,4,"1 laptop Cerca, 1 person CRITICO, 1 person Cerca",Alto
1779545739.2314203,6,123.33,489.52,3,"1 laptop Cerca, 1 person CRITICO, 1 person Cerca",Alto
1779545739.389501,6,120.92,489.73,6,"1 laptop Cerca, 1 person CRITICO, 1 person Cerca, 1 handbag Cerca, 1 chair Cerca, 1 backpack Cerca",Alto
1779545739.548134,6,126.18,489.8,6,"1 laptop Cerca, 1 person CRITICO, 1 person Cerca, 1 handbag Cerca, 1 chair Cerca, 1 backpack Cerca",Alto
1779545739.7068334,6,121.95,489.85,5,"1 laptop Cerca, 1 person CRITICO, 1 chair Lejos, 1 person Lejos, 1 backpack Cerca",Alto
1779545739.8730993,6,131.28,489.88,5,"1 laptop Cerca, 1 person CRITICO, 1 chair Cerca, 1 person Lejos, 1 backpack Cerca",Alto
1779545740.044574,6,135.84,489.89,5,"1 laptop Cerca, 1 person CRITICO, 1 chair Cerca, 1 person Lejos, 1 backpack Cerca",Alto
1779545740.21583,6,135.03,486.7,5,"1 laptop Cerca, 1 person CRITICO, 1 chair Cerca, 1 person Lejos, 1 backpack Cerca",Alto
1779545740.3798327,6,131.71,489.59,5,"1 laptop Cerca, 1 person CRITICO, 1 person Lejos, 1 chair Cerca, 1 backpack Cerca",Alto
1779545740.5538502,7,136.29,489.79,5,"1 laptop Cerca, 1 person CRITICO, 1 person Lejos, 1 chair Cerca, 1 backpack Cerca",Alto
1779545740.7208536,7,132.72,489.87,4,"1 laptop Cerca, 1 person CRITICO, 1 person Lejos, 1 chair Cerca",Alto
1779545740.883553,7,125.32,489.89,4,"1 laptop Cerca, 1 person CRITICO, 1 person Lejos, 1 chair Cerca",Alto
1779545741.0507853,7,129.07,489.9,6,"1 laptop Cerca, 1 person CRITICO, 1 chair Cerca, 1 person Lejos, 1 suitcase Cerca, 1 backpack Cerca",Alto
1779545741.2248476,7,139.21,486.73,5,"1 laptop Cerca, 1 person CRITICO, 1 chair Cerca, 1 person Lejos, 1 backpack Cerca",Alto
1779545741.3954957,7,130.23,489.6,6,"1 laptop Cerca, 1 person CRITICO, 1 chair Cerca, 1 person Lejos, 1 backpack Cerca",Alto
1779545741.5579507,6,128.75,489.8,5,"1 laptop Cerca, 1 person CRITICO, 1 chair Cerca, 1 person Lejos",Alto
1779545741.7446597,6,148.98,489.9,6,"1 laptop Cerca, 1 person CRITICO, 1 chair Cerca, 1 person Lejos, 1 backpack Cerca",Alto
1779545741.9737406,6,183.17,492.51,6,"1 laptop Cerca, 1 person CRITICO, 1 chair Cerca, 1 person Lejos, 1 backpack Cerca",Alto
1779545742.1668434,6,144.24,480.57,4,"1 laptop Cerca, 1 person CRITICO, 1 person Lejos, 1 chair Cerca",Alto
1779545742.3492875,6,145.95,489.53,4,"1 laptop Cerca, 1 person CRITICO, 1 person Lejos, 1 chair Cerca",Alto
1779545742.5331838,6,138.25,489.75,4,"1 laptop Cerca, 1 person CRITICO, 1 person Lejos, 1 chair Cerca",Alto
1779545742.7309895,6,157.91,489.82,5,"1 laptop Cerca, 1 person CRITICO, 1 person Lejos, 1 chair Cerca, 1 backpack Cerca",Alto
1779545742.911463,6,135.45,489.86,5,"1 laptop Cerca, 1 person CRITICO, 1 chair Cerca, 1 person Lejos, 1 suitcase Cerca",Alto
1779545743.080092,6,130.58,489.89,4,"1 laptop Cerca, 1 person CRITICO, 1 chair Cerca, 1 person Lejos",Alto
1779545743.2442825,6,127.51,490.53,4,"1 person CRITICO, 1 laptop Cerca, 1 person Lejos, 1 chair Lejos",Alto
1779545743.4171274,6,133.48,489.57,5,"1 laptop Cerca, 1 person CRITICO, 1 person Lejos, 1 handbag Cerca, 1 chair Lejos",Alto
1779545743.5826578,6,131.89,489.73,5,"1 person CRITICO, 1 laptop Cerca, 1 person Lejos, 1 backpack Cerca, 1 chair Lejos",Alto
1779545743.77104,6,145.57,489.79,4,"1 laptop Cerca, 1 person CRITICO, 1 person Lejos, 1 handbag Cerca",Alto
1779545743.9507751,6,138.28,489.83,4,"1 laptop Cerca, 1 person CRITICO, 1 handbag Cerca, 1 person Lejos",Alto
1779545744.148471,6,152.5,492.88,3,"1 laptop Cerca, 1 person CRITICO, 1 handbag Cerca",Alto
1779545744.3397307,6,138.09,489.47,5,"1 person CRITICO, 1 laptop Cerca, 1 chair Lejos, 1 backpack Cerca, 1 handbag Cerca",Alto
1779545744.5669765,6,187.99,492.5,3,"1 laptop Cerca, 1 person CRITICO, 1 handbag Cerca",Alto
1779545744.747676,6,134.76,494.99,3,"1 laptop Cerca, 1 person CRITICO, 1 handbag Cerca",Alto
1779545744.9374697,6,149.28,495.61,3,"1 person CRITICO, 1 laptop Cerca, 1 backpack Cerca",Alto
1779545745.1036239,6,127.34,489.71,2,"1 laptop Cerca, 1 person CRITICO",Alto
1779545745.2790422,6,135.23,486.53,3,"1 person CRITICO, 1 laptop Cerca, 1 backpack Cerca",Alto
1779545745.4452581,6,130.35,489.37,3,"1 laptop Cerca, 1 person CRITICO, 1 backpack Cerca",Alto
1779545745.6152291,6,130.88,489.66,2,"1 person CRITICO, 1 laptop Cerca",Alto
1779545745.8196924,6,159.74,489.72,3,"1 person CRITICO, 1 laptop Cerca, 1 backpack CRITICO",Alto
1779545746.0024817,6,141.19,489.75,2,"1 person CRITICO, 1 laptop Cerca",Alto
1779545746.1936421,6,151.94,489.91,3,"1 person CRITICO, 1 laptop Cerca, 1 handbag Cerca",Alto
1779545746.3865151,6,149.87,489.43,1,1 person CRITICO,Alto
1779545746.5672,6,139.68,489.6,0,camino totalmente despejado,Bajo
1779545746.7406657,6,132.44,495.62,1,1 person CRITICO,Alto
1779545746.9012063,6,126.21,489.75,2,"1 person CRITICO, 1 suitcase CRITICO",Alto
1779545747.064615,6,131.07,489.79,0,camino totalmente despejado,Bajo
1779545747.2323647,6,136.56,489.82,2,"1 person CRITICO, 1 chair Cerca",Alto
1779545747.395908,6,123.38,489.39,2,"1 person CRITICO, 1 person Cerca",Alto
1779545747.570653,6,140.66,489.64,3,"1 person Cerca, 1 person Lejos, 1 skateboard Lejos",Medio
1779545747.7493358,6,133.7,489.7,2,"1 person Lejos, 1 person Cerca",Medio
1779545747.930554,6,144.05,494.8,0,camino totalmente despejado,Bajo
1779545748.1215742,6,147.87,489.97,0,camino totalmente despejado,Bajo
1779545748.2867799,6,123.64,486.39,0,camino totalmente despejado,Bajo
1779545748.4563136,6,130.94,489.31,0,camino totalmente despejado,Bajo
1779545748.6358306,6,138.53,490.0,0,camino totalmente despejado,Bajo
1779545748.8170054,6,139.0,489.56,1,1 cat Cerca,Medio
1779545748.9778042,6,128.98,489.59,0,camino totalmente despejado,Bajo
1779545749.1801286,6,160.68,487.7,1,1 cat Cerca,Medio
1779545749.3620355,6,146.34,484.64,0,camino totalmente despejado,Bajo
1779545749.544867,6,142.33,487.53,0,camino totalmente despejado,Bajo
1779545749.7593632,6,167.02,487.82,2,"1 person Cerca, 1 snowboard Lejos",Medio
1779545749.9630413,6,159.56,488.21,2,"1 person Cerca, 1 snowboard Lejos",Medio
1779545750.1680064,6,160.27,487.93,0,camino totalmente despejado,Bajo
1779545750.3671339,6,159.87,484.54,0,camino totalmente despejado,Bajo
